episode,reward,score,policy_loss,value_loss,entropy,clip_epsilon,avg_reward_100
109,-11.017431192660553,0.14678899082568808,-0.0016993050929158926,45.570594024658206,1.0915766716003419,0.3,0.0
212,-11.598058252427183,0.08737864077669903,-0.001442895270884037,44.02591552734375,1.091934859752655,0.29997000149995,-11.017431192660553
319,-10.337383177570093,0.205607476635514,-0.0011701717972755431,43.31216735839844,1.091366994380951,0.2999400059996,-11.307744722543868
426,-10.034579439252338,0.205607476635514,-0.0014553114771842957,40.91867790222168,1.089485275745392,0.2999100134986501,-10.984290874219276
531,-9.698095238095238,0.23809523809523808,-0.0018729491159319878,40.32956886291504,1.0832916975021363,0.2998800239968003,-10.746863015477542
637,-10.972641509433961,0.1320754716981132,-0.0016217144206166268,38.98275718688965,1.0768700957298278,0.2998500374937508,-10.537109460001082
741,-10.757692307692308,0.17307692307692307,-0.001103061530739069,41.287200927734375,1.0793182730674744,0.29982005398920164,-10.609698134906562
836,-10.557894736842105,0.21052631578947367,-0.002468697726726532,36.212481307983396,1.0830705046653748,0.29979007348285297,-10.630840159590239
928,-11.025,0.18478260869565216,-0.0012058604508638382,32.786921691894534,1.0853096127510071,0.2997600959744051,-10.621721981746722
1010,-11.8890243902439,0.15853658536585366,-0.0011946916580200194,30.6769739151001,1.0854399085044861,0.2997301214635582,-10.666530650441532
1097,-10.799999999999999,0.21839080459770116,-0.0017986513674259185,26.81633186340332,1.0845075845718384,0.2997001499500125,-10.788780024421769
1181,-10.867857142857144,0.2261904761904762,-0.00138336350210011,26.011111640930174,1.0827224254608154,0.2996701814334683,-10.789800022201607
1252,-9.822535211267606,0.352112676056338,-0.0017095837742090226,22.13397388458252,1.0800097465515137,0.2996402159136259,-10.796304782256236
1336,-10.763095238095238,0.21428571428571427,-0.00156822856515646,22.995143127441406,1.0727123498916626,0.29961025339018565,-10.721399430641725
1422,-9.584883720930234,0.3023255813953488,-0.0019614625722169875,21.73047752380371,1.0668171286582946,0.299580293862848,-10.724377702602691
1496,-8.989189189189188,0.3918918918918919,-0.002596072480082512,19.09400749206543,1.058817493915558,0.29955033733131325,-10.64841143715786
1573,-9.922077922077921,0.22077922077922077,-0.0031136421486735342,12.889903259277343,1.045001006126404,0.2995203837952819,-10.544710046659818
1645,-9.126388888888888,0.4166666666666667,-0.0044774580746889114,15.358439350128174,1.025568926334381,0.29949043325445435,-10.508084627566765
1698,-8.47924528301887,0.49056603773584906,-0.003856807202100754,12.865205764770508,1.0045487761497498,0.2994604857085312,-10.431323753195773
1758,-10.033333333333333,0.3333333333333333,-0.0037848995998501778,11.035294723510741,0.9920918226242066,0.29943054115721285,-10.328582781081199
1807,-6.56530612244898,0.7551020408163265,-0.007793460320681333,15.998042869567872,0.9900903403759003,0.29940059960019993,-10.313820308693805
1852,-8.053333333333333,0.6444444444444445,-0.008586032688617707,11.970315074920654,0.946183580160141,0.29937066103719295,-10.135319633158337
1902,-6.433999999999998,0.66,-0.002978207543492317,15.901979637145995,0.924904215335846,0.2993407254678927,-10.040683892257201
1941,-3.6846153846153844,0.9487179487179487,-1.523829996585846e-05,21.996032524108887,0.927113801240921,0.29931079289199963,-9.883871549115584
1980,-7.21282051282051,0.5897435897435898,-0.0021291468292474747,15.239311027526856,0.9083522975444793,0.2992808633092145,-9.625569208928075
2023,-4.190697674418604,0.8837209302325582,-0.0005592701025307178,16.530701065063475,0.8854483664035797,0.299250936719238,-9.529059261083773
2055,-3.6500000000000004,0.96875,-0.0013701876625418663,16.21042957305908,0.8569489777088165,0.2992210131217709,-9.32373766159665
2094,-4.094871794871797,0.8974358974358975,-0.0012595795094966888,14.86164722442627,0.8585259675979614,0.29919109251651393,-9.113599229685665
2129,-3.0314285714285703,0.9142857142857143,-0.0019907552748918535,17.944354629516603,0.8293447196483612,0.29916117490316785,-8.934358964156598
2162,-3.8363636363636355,0.9090909090909091,-0.0022181235253810883,18.155204010009765,0.8453185379505157,0.29913126028143355,-8.730809640269424
2193,-0.39354838709677353,1.064516129032258,-0.0031701721251010894,18.018067359924316,0.7687720775604248,0.2991013486510119,-8.567661440139231
2233,0.45000000000000195,1.15,-0.0014247119426727295,29.16683921813965,0.7349999666213989,0.2990714400116037,-8.303980373912054
2255,2.6409090909090924,1.4545454545454546,-0.0008186664432287216,26.285953712463378,0.7267742574214935,0.29904153436290987,-8.030418487227303
2279,4.116666666666668,1.5,-0.0007704576477408409,18.309306716918947,0.7348439037799835,0.2990116317046314,-7.707044924253473
2315,-2.2527777777777778,0.9722222222222222,-0.006759080290794373,19.40727996826172,0.7266059160232544,0.29898173203646927,-7.359288700991115
2339,6.287500000000004,1.625,-0.0030297310091555118,21.84670753479004,0.6774393200874329,0.2989518353581245,-7.213388388899305
2361,3.6727272727272773,1.5454545454545454,-0.0014235544949769974,23.88755989074707,0.6078292250633239,0.298921941669298,-6.8383637114298805
2383,5.427272727272733,1.3636363636363635,-0.0006316035985946655,23.726168823242187,0.5698455989360809,0.29889205096969096,-6.554280171317524
2407,3.1416666666666693,1.125,-0.0013966038823127747,14.582159805297852,0.5821111023426055,0.29886216325900444,-6.238976147670412
2423,10.800000000000004,1.6875,-0.0010835002176463604,17.660200691223146,0.5908154428005219,0.29883227853693956,-5.998446844738692
2445,11.109090909090913,2.272727272727273,-0.0010088847018778324,34.036064529418944,0.595858758687973,0.2988023968031974,-5.578485673620224
2461,16.868750000000006,2.375,-0.0011805146932601929,24.44862003326416,0.5496080994606019,0.2987725180574793,-5.171471610627269
2483,9.609090909090915,1.9090909090909092,-0.001546340063214302,25.845725440979002,0.5011990278959274,0.2987426422994863,-4.646704429421858
2498,18.84000000000001,2.4,-0.00022430792450904845,25.227033042907713,0.445553120970726,0.29871276952891984,-4.315174305270398
2512,21.564285714285724,2.642857142857143,-0.0002966780215501785,30.667171478271484,0.4781322002410889,0.298682899745481,-3.78892034378698
2526,17.050000000000008,2.357142857142857,-0.0009111568331718444,22.475943946838377,0.48485509753227235,0.29865303294887113,-3.225515764718698
2543,12.817647058823532,1.8823529411764706,-0.0017899287864565848,18.456222915649413,0.5282338976860046,0.29862316913879167,-2.7847436828769867
2562,12.768421052631581,2.4210526315789473,-0.0017464980483055115,30.828843879699708,0.5964959681034088,0.29859330831494385,-2.4527779224152737
2579,14.405882352941187,2.1176470588235294,-0.00048305392265319825,28.105645370483398,0.5586544096469879,0.29856345047702915,-2.135669610435131
2596,14.923529411764713,2.1176470588235294,-0.0006328385323286056,24.355647850036622,0.5199005722999572,0.2985335956247489,-1.7980869173050018
2610,20.557142857142868,2.7142857142857144,-0.0018722938373684883,20.161017608642577,0.4891104966402054,0.2985037437578047,-1.4636545907236076
2625,23.986666666666675,2.8666666666666667,-0.0019354995340108872,28.546746444702148,0.42296524047851564,0.29847389487589787,-1.0318742486085786
2641,19.581250000000008,2.375,-0.0010614585131406783,26.7927885055542,0.39457893967628477,0.29844404897873,-0.5507484617763623
2657,13.112500000000002,1.8125,-0.0006349968258291483,19.050230407714842,0.43617303371429444,0.29841420606600266,-0.170899434195676
2670,31.638461538461552,3.4615384615384617,-0.0005162540823221206,33.83686752319336,0.4528618037700653,0.29838436613741737,0.07508944421535509
2684,26.907142857142865,3.142857142857143,-0.0005914557725191117,33.176766586303714,0.44227197766304016,0.2983545291926757,0.6489689368380132
2696,32.54166666666668,3.5833333333333335,-0.0011813062708824873,25.92546272277832,0.45247761309146883,0.29832469523147936,1.1178648997005998
2710,17.300000000000008,2.2142857142857144,-0.0015053688548505306,26.000201416015624,0.4181000292301178,0.29829486425352997,1.66915966754211
2723,31.876923076923088,3.4615384615384617,-0.0004411235451698303,25.19000816345215,0.3797162532806396,0.29826503625852924,1.9386569146534531
2738,17.58666666666668,2.0,-0.0006825380027294159,21.4996000289917,0.34913681745529174,0.29823521124617886,2.4460851546919216
2753,19.50666666666667,2.1333333333333333,-0.0009151346981525421,22.602359580993653,0.3440947413444519,0.29820538921618056,2.6984281798915006
2766,21.84615384615386,2.230769230769231,-0.0025153297930955885,17.704167556762695,0.40054565072059634,0.2981755701682362,2.973973073117323
2780,25.671428571428585,3.0,-0.0005530821159482002,26.10322513580322,0.4648208409547806,0.2981457541020475,3.2783630855856543
2794,23.7,2.7857142857142856,-0.0003460395149886608,29.461848068237305,0.4836211919784546,0.2981159410173164,3.6338085694879227
2808,26.478571428571446,3.2142857142857144,-0.0008181467652320862,33.829821014404295,0.5122773349285126,0.2980861309137447,3.947342810589674
2824,20.581250000000008,2.625,-0.0018088468350470066,30.903192710876464,0.5256275296211242,0.2980563237910343,4.2939770970201625
2838,29.0357142857143,3.2857142857142856,-0.0013099140487611294,28.08501453399658,0.5067643284797668,0.29802651964888716,4.540753959186524
2851,29.038461538461547,3.3076923076923075,-0.0024493154138326644,34.36800765991211,0.47807795405387876,0.29799671848700515,4.90635038197052
2866,20.48666666666667,2.3333333333333335,-0.004898291081190109,23.087618255615233,0.38130578994750974,0.29796692030509037,5.261234369565976
2877,29.272727272727284,2.909090909090909,-0.000513182021677494,21.44181880950928,0.4289192110300064,0.29793712510284487,5.4818928086543925
2890,32.31538461538464,3.5384615384615383,-0.0012264980003237724,34.259700012207034,0.4570360779762268,0.2979073328799705,5.821761872426863
2901,35.2909090909091,3.4545454545454546,0.0006631085649132729,24.39231357574463,0.41971405744552615,0.29787754363616953,6.194911488524859
2914,18.738461538461543,2.076923076923077,-0.0014867029152810574,21.745893478393555,0.41468715369701387,0.297847757371144,6.599022566335751
2925,35.7909090909091,3.6363636363636362,0.00028097778558731077,32.4248851776123,0.35228078365325927,0.29781797408459604,6.76531625088542
2940,13.58666666666667,1.6,-0.0001291569322347641,23.47831439971924,0.3556243270635605,0.29778819377622784,7.157553991966821
2951,34.57272727272728,3.4545454545454546,-0.0038629254791885614,23.585033226013184,0.39748266637325286,0.2977584164457415,7.243275494296152
2963,31.541666666666682,3.4166666666666665,-0.002034347038716078,24.232636070251466,0.45164014101028443,0.2977286420928394,7.602873544012351
2977,19.342857142857152,2.142857142857143,0.0020739838480949404,19.66043891906738,0.4092009365558624,0.29769887071722373,7.91376696118968
2988,36.85454545454547,3.727272727272727,-0.0003393550403416157,26.42492389678955,0.41439434587955476,0.2976691023185967,8.060293758390545
3001,27.97692307692309,3.076923076923077,-0.0021644771099090577,29.518418884277345,0.4593235045671463,0.2976393368966608,8.424777957076051
3014,36.146153846153865,4.0,0.0007116806693375111,36.632561111450194,0.41281239986419677,0.2976095744511182,8.669179771074138
3027,16.00769230769231,1.8461538461538463,-0.0012121237814426422,23.947093200683593,0.39670596420764925,0.29757981498167135,9.008401673235616
3038,32.14545454545456,3.3636363636363638,-0.002247336879372597,30.14624137878418,0.4762809634208679,0.29755005848802263,9.093758876094844
3050,28.108333333333345,3.0,-0.0014435861259698868,26.697213554382323,0.4405211299657822,0.2975203049698745,9.37149014921966
3062,32.03333333333334,3.3333333333333335,-0.0015273721888661384,25.45583438873291,0.45743406414985655,0.2974905544269295,9.594547806173395
3075,28.76923076923078,3.230769230769231,0.00036687925457954405,31.62077178955078,0.45276950895786283,0.29746080685889,9.858533518257628
3091,16.837500000000006,2.3125,0.00025771614164113996,34.88220405578613,0.49300925731658934,0.29743106226545857,10.078425346757317
3104,26.615384615384624,3.0,-0.0019767235964536665,32.02228221893311,0.5219968020915985,0.2974013206463378,10.15611586001298
3122,23.327777777777793,3.0555555555555554,-0.004487893544137478,39.294110488891604,0.5135669946670532,0.29737158200123015,10.343153004960385
3134,37.650000000000006,4.083333333333333,0.0006081590428948403,32.444680786132814,0.4950140923261642,0.2973418463298384,10.48904766532912
3150,19.312500000000007,2.625,-0.002566906809806824,36.89571838378906,0.5098056346178055,0.2973121136318651,10.79083602460324
3163,29.05384615384616,3.1538461538461537,-0.0018540367484092713,28.344840240478515,0.46635092198848727,0.2972823839070129,10.884480683673534
3174,41.79090909090911,4.363636363636363,-0.00010677613317966461,28.365889930725096,0.41861129701137545,0.2972526571549846,11.081973786610193
3184,47.35000000000001,4.7,-0.0006716690957546234,35.78891868591309,0.4409564256668091,0.29722293337548283,11.412177392032762
3199,14.313333333333338,1.8,-0.00041346270591020585,29.997489166259765,0.46299681067466736,0.2971932125682104,11.794494653819646
3213,29.8,3.2857142857142856,-0.0012797833420336246,32.882995223999025,0.46517881751060486,0.2971634947328701,11.821008745182947
3226,40.86153846153846,4.230769230769231,-0.0013626091182231902,39.27676239013672,0.4282324731349945,0.2971337798691648,12.008289904087292
3238,30.058333333333348,3.1666666666666665,-0.0016892685205675661,35.210780715942384,0.4255758076906204,0.2971040679767973,12.305746074782665
3250,52.84166666666667,5.416666666666667,-0.00023566214367747306,45.2904972076416,0.44539629817008974,0.2970743590554704,12.486894924359712
3265,32.93333333333335,3.8,-0.001967208832502365,47.1379638671875,0.45853506624698637,0.29704465310488715,12.894518881352713
3278,29.92307692307694,3.3076923076923075,-0.0011428594589233398,34.55374031066894,0.412303227186203,0.29701495012475043,13.09490702587252
3290,42.75833333333335,4.333333333333333,0.000810137763619423,37.6024227142334,0.44930139780044553,0.2969852501147632,13.504312107029893
3301,46.02727272727274,4.818181818181818,-0.00036808699369430544,36.10703392028809,0.454544460773468,0.29695555307462845,14.047876022887499
3314,44.55384615384616,4.846153846153846,-0.00023575350642204284,52.316592407226565,0.4583958774805069,0.2969258590040493,14.611522581935928
3327,39.44615384615387,4.153846153846154,-0.002541850879788399,41.37839889526367,0.4613828301429749,0.29689616790272866,15.15740683786691
3340,34.70769230769231,3.769230769230769,-0.0014547195751219988,40.535190963745116,0.44327446818351746,0.2968664797703698,15.648849328709403
3351,40.9818181818182,4.2727272727272725,-0.001428894978016615,34.53956489562988,0.43906634747982026,0.2968367946066756,16.105652666880665
3363,39.03333333333333,4.0,-0.0016777176409959794,30.15763130187988,0.45951609313488007,0.2968071124113495,16.62304777177577
3378,28.180000000000003,3.4,0.0003655388951301575,42.95791816711426,0.4835404932498932,0.29677743318409444,17.118960052477522
3394,22.47500000000001,2.8125,-0.0015996325761079787,38.3700927734375,0.4541818767786026,0.29674775692461375,17.511010052477527
3409,31.206666666666667,3.6,-0.00160669032484293,48.26954460144043,0.4085332900285721,0.2967180836326106,17.854650296379965
3421,31.42500000000001,3.5,-0.0023286263458430767,29.99023303985596,0.3926402688026428,0.2966884133077883,18.27471696304663
3433,30.450000000000014,3.0833333333333335,-0.00036409664899110793,29.74552803039551,0.3547315537929535,0.29665874594985014,18.697645534475203
3446,21.24615384615385,2.3076923076923075,-0.0004297364503145218,26.814269638061525,0.3406563580036163,0.29662908155849943,19.10037088658788
3461,19.553333333333338,2.2,-0.0007245466113090515,28.30721092224121,0.37642228305339814,0.29659942013343954,19.42046337743037
3472,33.44545454545456,3.272727272727273,-0.003372051194310188,27.47346248626709,0.44975733757019043,0.2965697616743739,19.711845547973006
3483,37.92727272727275,3.8181818181818183,0.001334070973098278,32.77676887512207,0.4151049107313156,0.29654010618100585,20.136191985319442
3494,45.21818181818184,4.636363636363637,-0.000776981096714735,38.81576919555664,0.39014334976673126,0.29651045365303885,20.61468549181295
3508,30.857142857142865,3.5,-0.0012744560837745667,41.13076210021973,0.4299035668373108,0.2964808040901764,21.158131198883652
3521,35.62307692307695,3.769230769230769,-0.0004837234504520893,30.73845386505127,0.4300770968198776,0.296451157492122,21.551495080285267
3535,28.178571428571427,3.2857142857142856,-0.0034983642399311066,36.42202262878418,0.4472601443529129,0.2964215138585791,22.00805918284937
3550,34.42,4.066666666666666,-0.0010818220674991609,49.30624923706055,0.4948461502790451,0.2963918731892515,22.355497958359578
3565,32.62000000000001,3.8666666666666667,-0.006930487230420113,45.8397575378418,0.470322984457016,0.2963622354838425,22.780231291692914
3582,28.047058823529426,3.764705882352941,-0.0027821224182844164,56.64743232727051,0.5163729548454284,0.2963326007420559,23.17077129169291
3594,39.44166666666667,4.25,-0.0015412673354148864,36.06527557373047,0.44794194102287294,0.2963029689635953,23.488088033774357
3607,25.0923076923077,2.923076923076923,0.002432717755436897,34.82180213928223,0.4999306440353394,0.2962733401481644,23.954632905569227
3619,32.00833333333335,3.5833333333333335,-0.004866562224924565,34.758893966674805,0.4808868795633316,0.2962437142954669,24.24746295923649
3635,29.456250000000015,3.5625,-0.0035450839437544345,47.38761405944824,0.44976038932800294,0.29621409140520655,24.604046292569823
3647,50.81666666666667,5.25,0.0004381178878247738,45.618217849731444,0.4727955937385559,0.29618447147708715,24.939557510518544
3659,53.99166666666668,5.666666666666667,-0.0005896531045436859,40.61261901855469,0.4885477781295776,0.2961548545108124,25.478038462899498
3671,47.37500000000002,5.166666666666667,-0.0013205470517277718,42.094350814819336,0.486457759141922,0.29612524050608624,26.0563187659298
3686,29.660000000000018,3.6666666666666665,-0.0006377767771482467,54.73377304077148,0.48469153344631194,0.29609562946261253,26.53400424980077
3697,61.98181818181818,6.181818181818182,-0.0002077646553516388,45.7817268371582,0.483580020070076,0.2960660213800951,26.826104249800764
3710,35.0923076923077,3.923076923076923,-0.0014001669362187386,49.848964309692384,0.4606232076883316,0.2960364162582378,27.41951334070986
3723,36.32307692307693,3.923076923076923,-0.003204919397830963,36.8975471496582,0.46798951625823976,0.29600681409674473,27.729269750966267
3735,36.425000000000004,3.8333333333333335,-0.0005032680928707123,37.8706859588623,0.4438036561012268,0.2959772148953198,28.115028297974813
3748,44.600000000000016,5.076923076923077,-0.0037350460886955263,44.89576454162598,0.48908811211586,0.295947618653667,28.416403297974817
3765,32.352941176470594,4.0588235294117645,-0.006484658271074295,60.367288970947264,0.4781415551900864,0.2959180253714904,28.82567602524754
3777,43.19166666666667,4.833333333333333,0.0063903842121362684,39.13936195373535,0.4837728083133698,0.29588843504849405,29.094932709739524
3788,54.90909090909091,6.090909090909091,-0.0008300985209643841,40.85145568847656,0.4810208797454834,0.29585884768438203,29.49543270973952
3800,54.59999999999999,5.833333333333333,-0.0007856748998165131,47.65193862915039,0.46176784932613374,0.29582926327885856,29.936523618830428
3813,33.75384615384615,3.923076923076923,-0.0008565785828977823,44.951615524291995,0.4778140753507614,0.2957996818316277,30.37143270973952
3825,43.45833333333334,4.833333333333333,-0.0020710155367851257,49.16793022155762,0.47973533272743224,0.2957701033423936,30.54028367127798
3835,58.120000000000026,5.7,0.0017391942441463471,32.17409381866455,0.44060441553592683,0.29574052781086063,30.878776095520408
3846,35.80000000000001,3.6363636363636362,-0.002067656442523003,30.98038806915283,0.4705300539731979,0.29571095523673285,31.271576095520405
3857,63.96363636363637,6.545454545454546,0.0002169022336602211,49.014749145507814,0.4461695909500122,0.2956813856197147,31.413933238377552
3872,43.12,4.666666666666667,-0.001963213086128235,52.80639305114746,0.46006101965904234,0.29565181895951037,31.883069602013915
3884,55.98333333333335,5.833333333333333,-0.0001383274793624878,54.227651596069336,0.44315788745880125,0.29562225525582425,32.18609313142568
3895,61.2,6.2727272727272725,-0.00011039841920137405,50.14561729431152,0.4396403878927231,0.2955926945083607,32.6182422542327
3905,55.330000000000005,5.8,-0.0004510343074798584,50.07252502441406,0.43972399830818176,0.29556313671682405,33.08618343070329
3921,26.98750000000001,3.3125,0.0007699437439441681,66.943212890625,0.4663253515958786,0.29553358188091877,33.49024813658564
3935,43.300000000000004,4.785714285714286,-0.003223935700953007,60.78729057312012,0.4416327953338623,0.29550403000034936,33.554551708014216
3947,40.44166666666666,4.083333333333333,-0.002238386124372482,44.48234558105469,0.42144131660461426,0.2954744810748202,33.74768504134755
3958,55.1,5.545454545454546,-0.0005651338025927544,46.2578311920166,0.40858326852321625,0.2954449351040359,33.95628920801421
3969,57.49999999999999,5.7272727272727275,-0.0004668094217777252,49.09067573547363,0.3969616174697876,0.29541539208770096,34.37616420801421
3983,36.29285714285716,3.857142857142857,0.0010420339182019233,44.259138107299805,0.4447843641042709,0.29538585202551987,34.6347795926296
3995,65.35833333333333,6.75,-0.00011733174324035645,61.013289260864255,0.42341206073760984,0.2953563149171974,34.728636735486745
4011,32.60625000000001,3.75,-0.0020269058644771577,54.27773780822754,0.4520566791296005,0.29532678076243796,35.056803402153406
4023,42.291666666666664,4.666666666666667,-0.0023091178387403487,55.16571273803711,0.3988452345132828,0.29529724956094644,35.2098659021534
4035,41.791666666666686,4.333333333333333,-0.00040383636951446533,34.855295944213864,0.439360773563385,0.2952677213124274,35.314013338050835
4046,52.44545454545455,5.363636363636363,-0.0038673967123031617,41.0050666809082,0.4443558692932129,0.2952381960165855,35.55606333805084
4060,47.664285714285704,5.071428571428571,-0.0019316866993904114,56.25137062072754,0.44233032763004304,0.29520867367312564,35.88545121683872
4071,56.718181818181826,5.909090909090909,-0.0009485378861427308,44.542090225219724,0.4304351478815079,0.2951791542817525,36.143632535520034
4084,53.14615384615384,5.615384615384615,0.0005131173878908157,56.79260444641113,0.41690204441547396,0.2951496378421709,36.45410006798757
4098,41.91428571428572,4.642857142857143,-0.0021200789138674735,53.38033943176269,0.425562646985054,0.2951201243540857,36.7485616064491
4108,63.94,6.5,-0.00041927844285964965,41.66946029663086,0.4287843108177185,0.2950906138172017,36.902918749306245
4119,70.19090909090907,6.909090909090909,-0.00011836104094982147,50.45010490417481,0.4213000476360321,0.2950611062312239,37.33650624930625
4131,52.216666666666676,5.416666666666667,-0.0006898760795593262,48.3172966003418,0.4251883625984192,0.2950316015958571,37.7480581973582
4141,76.93999999999998,7.3,0.00036540813744068146,47.13714866638183,0.40701010525226594,0.29500209991080634,37.979840248640244
4151,52.88000000000002,5.3,-0.004715185798704624,47.41849632263184,0.41790621280670165,0.2949726011757766,38.54437358197358
4165,52.37142857142855,5.714285714285714,-0.001776110753417015,69.44115982055663,0.43358691930770876,0.29494310539047286,38.78044630924631
4176,59.90909090909092,6.181818181818182,-0.0018988996744155884,53.872789001464845,0.44080776572227476,0.2949136125546002,38.98100674880675
4188,66.03333333333335,6.75,-0.0001016370952129364,53.91010093688965,0.4312981963157654,0.2948841226678636,39.22718856698857
4202,40.850000000000016,4.642857142857143,-0.0015384085476398469,68.6953338623047,0.41012179255485537,0.29485463572996834,39.700137284937284
4213,78.96363636363634,8.090909090909092,9.516589343547822e-05,61.710086059570315,0.4175901681184769,0.29482515174061935,39.7507281940282
4227,46.74285714285715,5.142857142857143,-0.001982327178120613,65.46823806762696,0.4361524671316147,0.29479567069952195,40.40449789099789
4239,45.03333333333334,4.666666666666667,-6.754733622074127e-05,43.402774047851565,0.4060573697090149,0.2947661926063812,40.52619918969919
4252,46.9923076923077,5.0,-0.0006216690409928561,48.63743591308594,0.4401899814605713,0.2947367174609024,40.66111585636585
4263,57.72727272727274,5.909090909090909,-0.0005727751180529594,53.26359825134277,0.416263210773468,0.2947072452627908,40.93761036186036
4274,62.236363636363656,6.2727272727272725,-0.002758675068616867,54.528289031982425,0.4288035035133362,0.2946777760117516,41.14633763458764
4285,54.85454545454545,5.454545454545454,-0.0005644725635647774,46.79333381652832,0.40792844593524935,0.29464830970749023,41.488932040182036
4295,70.06000000000003,6.8,0.0029867121949791907,47.213279724121094,0.4132756650447845,0.29461884634971186,41.67601595626596
4305,67.01000000000002,6.6,-0.0006657667458057403,44.86334800720215,0.3991455972194672,0.29458938593812206,42.21653903318903
4316,48.42727272727273,4.818181818181818,-0.0036131246015429497,47.07026634216309,0.4152413159608841,0.29455992847242607,42.565184487734484
4329,51.63846153846154,5.461538461538462,-0.0009400453418493271,60.21024055480957,0.4186240702867508,0.2945304739523294,42.76837388167389
4341,49.15833333333335,5.333333333333333,-0.0008853735402226448,49.983106994628905,0.43879025280475614,0.29450102237753745,42.96442516372517
4352,63.6090909090909,6.363636363636363,-0.002140737697482109,49.30101127624512,0.4292956441640854,0.29447157374775573,43.16831618936619
4365,49.476923076923086,5.538461538461538,-0.0014969814568758012,63.71639823913574,0.43164838552474977,0.2944421280626897,43.6360320984571
4377,72.34999999999998,7.166666666666667,0.001303410530090332,60.51760711669922,0.4221331924200058,0.294412685322045,43.86464748307249
4388,64.23636363636366,6.7272727272727275,0.00010497048497200012,64.97178421020507,0.43040043115615845,0.2943832455255272,44.35486970529471
4401,59.669230769230744,6.153846153846154,-0.0025393590331077576,61.03907699584961,0.40001592338085173,0.2943538086728418,44.620733341658344
4414,47.75384615384614,4.923076923076923,-9.480509907007217e-05,61.300388717651366,0.39184815287590025,0.2943243747636945,45.02430064935065
4429,49.70000000000001,5.266666666666667,-0.0016524345381185412,73.29194641113281,0.4146396964788437,0.2942949437977909,45.21130064935066
4440,75.41818181818182,7.636363636363637,-0.00018411874771118164,53.716786575317386,0.382266166806221,0.29426551577483684,45.29039155844156
4452,42.75000000000001,4.333333333333333,-4.296600818634033e-05,54.67121620178223,0.3838163882493973,0.2942360906945379,45.57107337662338
4463,60.29090909090908,6.090909090909091,-0.0033794157207012177,52.856760787963864,0.3896069318056107,0.2942066685565998,45.855440043290045
4475,55.300000000000004,5.5,0.0015980664640665055,47.95979995727539,0.3954159766435623,0.29417724936072853,46.16034913419912
4486,65.14545454545453,6.363636363636363,-0.0034977152943611147,54.10962829589844,0.3903210908174515,0.2941478331066296,46.30473374958375
4497,58.345454545454544,6.0,-0.00578045155853033,51.973157501220705,0.4414158761501312,0.2941184197940091,46.65560496170496
4510,58.14615384615384,6.076923076923077,-0.0007387381047010422,65.64811630249024,0.3886125057935715,0.29408900942257277,46.71064284049283
4522,56.55833333333334,5.75,-0.0018487807828933,57.51157684326172,0.39209348857402804,0.2940596019920266,46.96277104562103
4532,80.64999999999996,8.0,-0.0011570867151021957,52.9131534576416,0.4062807112932205,0.2940301975020764,47.229123609723594
4543,77.59999999999998,7.7272727272727275,-0.00012882724404335023,56.331855392456056,0.38320704102516173,0.2940007959524282,47.60804027639025
4554,54.94545454545457,5.636363636363637,-0.00034108273684978484,52.91002426147461,0.42276881337165834,0.2939713973427879,47.92376754911753
4566,64.11666666666663,6.416666666666667,-0.0005214588716626167,56.93760604858399,0.4031871736049652,0.2939420016728616,48.02768363303361
4576,77.63999999999999,7.8,-0.000303898099809885,55.48632659912109,0.4180868625640869,0.2939126089423553,48.27438876123874
4590,52.85714285714285,5.714285714285714,-0.0018842503428459167,80.53360519409179,0.41372968554496764,0.29388321915097515,48.70371183816182
4601,82.65454545454544,8.363636363636363,0.000934353657066822,75.35209732055664,0.3976870566606522,0.2938538322984272,48.82246508491508
4611,66.78999999999999,6.7,-0.0006781697273254394,53.33706893920898,0.3964371562004089,0.2938244483844175,49.2586772061272
4625,51.11428571428571,5.357142857142857,-0.002823918592184782,84.5946060180664,0.40710529088974,0.29379506740865236,49.64477720612721
4636,64.67272727272724,6.2727272727272725,-0.0013170339167118072,53.8201042175293,0.39318719506263733,0.29376568937083786,49.931170063270066
4647,66.16363636363636,6.818181818181818,0.0005384217947721481,61.2364315032959,0.37032399475574496,0.29373631427068025,50.26583066933068
4657,78.92999999999999,7.8,-0.001334004569798708,56.2828483581543,0.38653644621372224,0.29370694210788584,50.61321703296704
4668,72.99999999999999,7.090909090909091,-0.0023045215755701067,65.5396240234375,0.3796313166618347,0.2936775728821608,51.09801703296704
4679,73.9272727272727,7.636363636363637,-0.0012017561122775078,61.62215385437012,0.394423770904541,0.2936482065932115,51.61555549450551
4690,56.154545454545456,5.636363636363637,0.0001261439174413681,59.185740280151364,0.38042097687721255,0.2936188432407443,52.159294888444904
4700,77.86999999999998,7.6,-0.0016629964113235474,55.08167037963867,0.39039286673069,0.29358948282446545,52.386385797535816
4711,72.03636363636365,7.2727272727272725,-0.0012551218271255494,66.38649978637696,0.40097146332263944,0.2935601253440815,52.785813070263096
4723,72.09166666666664,7.333333333333333,0.0008310511708259583,65.74737930297852,0.3652063876390457,0.2935307707992988,53.05399488844491
4733,93.84999999999997,9.1,-0.0007593404501676559,55.36055145263672,0.3683533132076263,0.2935014191898238,53.466340126540146
4745,66.21666666666665,6.75,-0.0010105468332767486,64.25948104858398,0.37709084451198577,0.293472070515363,54.04860935730939
4758,64.83076923076919,6.615384615384615,-0.002017432451248169,74.3094253540039,0.3809013992547989,0.2934427247756229,54.428990309690334
4769,72.77272727272727,7.454545454545454,-0.001483258232474327,68.87285842895508,0.36195964813232423,0.29341338197031,54.73309800199802
4781,58.54999999999999,6.0,0.0002626660279929638,72.90364685058594,0.36346419155597687,0.29338404209913105,55.134625274725295
4793,66.6,6.833333333333333,-0.0011843984946608543,67.53278503417968,0.3833850592374802,0.29335470516179246,55.43965468649
4804,67.60909090909091,6.7272727272727275,-0.0035912513732910155,55.92568664550781,0.39550957679748533,0.2933253711580009,55.711238019823334
4814,86.62999999999998,8.3,0.0014584843069314958,55.21563911437988,0.3768416553735733,0.2932960400874631,56.136405851991164
4825,69.65454545454547,7.090909090909091,-0.001832866296172142,66.7024932861328,0.35573405027389526,0.29326671194988563,56.68262251865784
4837,74.24999999999997,7.583333333333333,-0.0005055042915046215,74.24818572998046,0.389281290769577,0.29323738674497535,57.08460547320329
4847,77.41,7.8,-0.002655436284840107,64.10209999084472,0.42829757928848267,0.2932080644724389,57.31893880653663
4860,76.5615384615384,7.846153846153846,-0.0006728999316692353,87.04915390014648,0.35827872157096863,0.2931787451319831,57.553122139869956
4873,59.60769230769229,6.230769230769231,-2.5420263409614562e-05,75.51100158691406,0.35778252184391024,0.2931494287233148,57.84498752448533
4884,76.37272727272726,7.7272727272727275,-0.001031138002872467,80.52742309570313,0.35246808230876925,0.29312011524614073,58.14446444756226
4894,88.55999999999997,8.7,-0.0035116221290081738,58.68600921630859,0.40062599182128905,0.29309080470016785,58.28837353847135
4908,63.55714285714283,6.642857142857143,0.0007971586659550667,93.83859481811524,0.3600324422121048,0.293061497085103,58.82305046154827
4920,63.55833333333333,6.416666666666667,-0.0016404609195888042,72.86013793945312,0.3731065094470978,0.29303219240065315,59.095391120888934
4930,80.93999999999998,7.9,-0.0015757003799080848,55.359248352050784,0.367788228392601,0.2930028906465252,59.366724454222265
4943,68.76153846153844,7.0,-0.0028221577405929564,73.07686080932618,0.37393569350242617,0.29297359182242616,59.730124454222256
4956,68.10769230769226,7.230769230769231,-0.0038356635719537734,85.13181610107422,0.4090749740600586,0.29294429592806304,60.09421042707294
4970,79.4071428571428,8.142857142857142,-0.0010603241622447967,84.01043167114258,0.3618190884590149,0.2929150029631429,60.3433706834832
4984,60.028571428571425,6.5,-0.0006718970835208893,85.17864074707032,0.39551067650318145,0.29288571292737275,60.588351202963715
4998,52.57142857142857,5.714285714285714,-0.002623279765248299,84.19158630371093,0.3601757824420929,0.2928564258204598,60.64263691724941
5010,72.26666666666665,7.333333333333333,-0.0009690947830677032,67.42116317749023,0.3791176646947861,0.29282714164211104,60.83081274142524
5024,68.44999999999996,7.142857142857143,0.0010217200964689256,87.99954986572266,0.371478745341301,0.29279786039203376,61.11889607475857
5036,70.225,7.25,-0.0011646034196019172,60.94367561340332,0.39172751903533937,0.29276858206993506,61.222196074758564
5050,55.821428571428555,5.857142857142857,-0.0017516971565783024,71.88298110961914,0.35744595527648926,0.29273930667552217,61.56644607475857
5061,84.40909090909085,8.363636363636363,0.0007331612519919873,64.64967193603516,0.3521208703517914,0.2927100342085024,61.48502399683649
5072,79.20909090909089,7.909090909090909,-0.0003706540912389755,69.99437713623047,0.35442531406879424,0.2926807646685829,61.8979149059274
5083,77.26363636363635,7.7272727272727275,-0.0022110160440206527,59.8720947265625,0.37028703689575193,0.2926514980554711,62.13017248168498
5095,70.96666666666665,7.166666666666667,-0.0006966665387153625,74.26162643432617,0.34885663390159605,0.2926222343688743,62.290808845321344
5109,60.44285714285713,6.214285714285714,9.008273482322693e-05,75.77543869018555,0.37144890129566194,0.2925929736084998,62.44717551198801
5122,64.75384615384613,6.6923076923076925,-0.002170107886195183,74.28009185791015,0.363563272356987,0.29256371577405504,62.78172908341658
5134,73.62499999999999,7.583333333333333,-0.001493842713534832,76.11674423217774,0.3632472425699234,0.2925344608652475,62.99626754495503
5147,71.3230769230769,7.461538461538462,0.0012890828773379325,82.17696228027344,0.3712045133113861,0.2925052088817845,63.32810087828837
5157,87.21999999999998,8.6,-0.0011291969567537308,55.51163597106934,0.35062294602394106,0.2924759598233736,63.49033164751914
5167,94.85999999999997,9.5,-4.450287669897079e-05,76.08450088500976,0.3678213059902191,0.2924467136897223,63.787531647519145
5180,66.56153846153845,7.076923076923077,-0.001678389310836792,87.23003387451172,0.35669140219688417,0.2924174704805382,64.37320307609056
5192,87.26666666666661,8.75,-0.00016896706074476242,84.32015762329101,0.3383072763681412,0.29238823019552873,64.38523512737261
5205,68.16153846153844,6.923076923076923,-0.0012407008558511733,70.7883674621582,0.32915491461753843,0.2923589928344016,64.93183929403928
5217,85.41666666666663,8.416666666666666,0.00014273375272750856,70.8269874572754,0.34849813580513,0.2923297583968644,65.190538011988
5230,58.03846153846153,6.3076923076923075,5.607083439826965e-05,91.05034713745117,0.3588056743144989,0.2923005268826248,65.62678801198801
5243,66.22307692307692,6.846153846153846,-0.0021858666092157363,78.13024063110352,0.33350169360637666,0.2922712982913904,65.68271808191807
5255,70.52499999999996,7.166666666666667,-0.0009284079074859619,68.90577087402343,0.32820071578025817,0.29224207262286905,65.868305994006
5268,68.26153846153845,7.153846153846154,-0.00520668774843216,68.84247665405273,0.34433979690074923,0.29221284987676843,66.00637417582416
5279,97.40909090909082,9.636363636363637,-0.0003274129703640938,73.9643768310547,0.3091285914182663,0.29218363005279635,66.15752802197801
5291,74.84999999999998,7.5,-0.0014351394958794117,63.31889457702637,0.31982934176921846,0.2921544131506605,66.71247607392607
5301,91.81999999999992,8.9,0.0012162111699581147,75.49264526367188,0.3088838577270508,0.2921251991700688,66.82157607392607
5314,67.49999999999999,6.846153846153846,-0.000635576993227005,79.1781608581543,0.329876247048378,0.2920959881107291,67.03786698301697
5324,78.57999999999998,7.8,-0.0010881006717681884,53.100101470947266,0.33323552906513215,0.2920667799723493,67.1907003163503
5335,85.02727272727269,8.363636363636363,-0.0012124434113502502,72.0176010131836,0.3549144476652145,0.2920375747546373,67.20710031635029
5348,66.6307692307692,6.923076923076923,-0.001970371976494789,90.10445404052734,0.32026347815990447,0.29200837245730105,67.52857304362301
5360,84.68333333333328,8.666666666666666,3.483528271317482e-05,77.77427597045899,0.3151186376810074,0.2919791730800485,67.67116645021642
5370,102.11999999999993,9.8,-0.00021796971559524537,60.72560806274414,0.31959602534770964,0.2919499766225877,67.91890887445884
5381,74.61818181818181,7.454545454545454,-0.0010239910334348679,62.05599861145019,0.3189626395702362,0.29192078308462666,68.27977554112552
5391,89.28999999999999,8.7,-0.00010486505925655365,68.03920669555664,0.32511077225208285,0.29189159246587343,68.61745735930735
5402,93.14545454545446,9.181818181818182,-0.0006021857261657715,79.59916687011719,0.2989262342453003,0.2918624047660362,68.72072099567097
5414,85.16666666666664,8.5,-0.0024016786366701124,86.3197410583496,0.3253984659910202,0.291833219984823,69.18474696969696
5425,90.38181818181815,9.090909090909092,-0.0011203989386558532,93.89760513305664,0.34467355012893675,0.29180403812194194,69.58608030303029
5435,79.1,7.8,2.9875338077545167e-05,63.29916648864746,0.32884718775749205,0.29177485917710133,70.01997540792539
5448,78.53076923076921,8.076923076923077,-0.003960014507174492,82.45489501953125,0.3290735870599747,0.29174568315000926,70.23370268065267
5460,64.44166666666665,6.583333333333333,0.001212754100561142,77.67682113647462,0.33546541929244994,0.291716510040374,70.39664673659674
5473,64.76923076923075,6.6923076923076925,-0.0020250712521374227,82.39376449584961,0.3418358534574509,0.29168733984790396,70.49251794871795
5487,64.99999999999999,6.785714285714286,-0.0025936415418982505,90.18046493530274,0.3356339603662491,0.29165817257230725,70.43961025641025
5498,88.00909090909089,8.909090909090908,9.708069264888764e-05,77.12344360351562,0.31270208954811096,0.2916290082132923,70.41951025641025
5512,69.43571428571424,7.357142857142857,-0.00011494201608002186,89.96101303100586,0.30042767226696016,0.2915998467705674,70.81532843822842
5524,77.8333333333333,7.833333333333333,-0.0005841463804244995,72.97862167358399,0.32233651280403136,0.29157068824384097,70.99330096570094
5537,81.53846153846149,8.538461538461538,0.0005137711763381958,89.25129928588868,0.32114858031272886,0.2915415326328214,71.28005096570095
5548,91.35454545454543,9.181818181818182,0.0004954058676958084,89.71974334716796,0.31323607861995695,0.29151237993721724,71.45934467199464
5558,104.12999999999992,10.3,-0.0009801726788282394,65.67475051879883,0.3375349223613739,0.29148323015673683,71.87812089577088
5571,91.01538461538453,9.307692307692308,-0.000379675067961216,102.90364685058594,0.32125911116600037,0.29145408329108874,72.19592089577088
5583,72.00833333333328,7.25,-0.00021328050643205644,103.79132843017578,0.32035063207149506,0.2914249393399814,72.4637111055611
5595,80.27499999999995,8.083333333333334,-0.0010259170085191727,94.83736419677734,0.3172719955444336,0.29139579830312357,72.58710213120212
5611,61.381249999999994,6.5625,0.00015164017677307128,124.66971130371094,0.3257711619138718,0.29136666018022367,72.91231366966366
5626,68.29999999999997,7.066666666666666,-0.001758530456572771,93.57886962890625,0.30322546064853667,0.2913375249709904,73.02912616966366
5638,88.42499999999991,9.25,-0.0013708945363759995,93.9264892578125,0.31426950097084044,0.29130839267513237,72.95794435148184
5648,101.42999999999992,10.0,-0.000815267488360405,74.96566696166992,0.2946359932422638,0.29127926329235826,73.41469435148183
5661,72.23846153846151,7.3076923076923075,5.155205726623535e-05,81.66014404296875,0.29787116348743437,0.2912501368223768,73.82608526057274
5672,83.58181818181814,8.272727272727273,-0.001373257301747799,75.66239776611329,0.28072441220283506,0.2912210132648967,73.99546987595735
5684,78.51666666666661,7.75,-0.002452711388468742,77.51205444335938,0.2919591933488846,0.29119189261962675,74.179833512321
5694,96.30999999999995,9.3,-0.002054743468761444,70.98023681640625,0.2985782116651535,0.29116277488627573,74.38154563353312
5707,81.69230769230764,8.307692307692308,-0.0008885115385055542,96.7461784362793,0.2940763205289841,0.29113366006455244,74.7631840950716
5717,99.72999999999995,9.6,0.00030554477125406266,73.69350509643554,0.2906504780054092,0.29110454815416575,75.01452383866132
5727,106.82999999999993,10.5,-0.0008755716029554605,72.30187911987305,0.2844864845275879,0.2910754391548246,75.20532383866133
5739,80.19166666666662,8.333333333333334,0.0012350939214229584,99.20408477783204,0.29852869510650637,0.2910463330662378,75.4976238386613
5751,83.17499999999994,8.25,-0.0008815545588731766,78.66451797485351,0.2878608703613281,0.2910172298881143,75.75008595987343
5762,86.5545454545454,8.636363636363637,-0.002634050510823727,86.85298538208008,0.3139015883207321,0.2909881296201631,75.94066929320677
5776,77.50714285714282,8.0,0.0005632955580949783,96.09177093505859,0.28194194436073305,0.2909590322620933,76.02981474775221
5789,76.10769230769228,7.6923076923076925,-0.0006840279325842858,85.07130966186523,0.2914650201797485,0.29092993781361376,76.27631474775222
5799,92.03999999999995,9.0,-0.0007806155132129789,66.89905166625977,0.29470446407794954,0.2909008462744336,76.21084621628368
5813,74.4642857142857,7.928571428571429,0.000548501405864954,95.1665168762207,0.28269576728343965,0.2908717576442619,76.4633462162837
5825,84.07499999999995,8.416666666666666,-0.00013023242354393005,82.49217987060547,0.27601225972175597,0.29084267192280777,76.69684621628369
5838,67.28461538461536,6.923076923076923,-0.00044131986796855924,86.06409454345703,0.29691935181617735,0.2908135891097804,76.89086894355641
5852,72.50714285714282,7.5,-0.003053903579711914,96.9106834411621,0.2873442620038986,0.2907845092048889,76.90207873376622
5863,76.27272727272727,7.636363636363637,-3.4786947071552274e-05,81.63304138183594,0.29040592908859253,0.2907554322078425,76.83785016233763
5874,115.12727272727263,11.454545454545455,-0.0012310832738876344,90.41367950439454,0.2852864980697632,0.2907263581183504,76.8705774350649
5884,102.3699999999999,10.1,-0.001026596873998642,79.53434829711914,0.29456892907619475,0.2906972869361219,77.28257743506491
5898,80.44285714285708,8.285714285714286,-0.0014204424805939198,99.55907821655273,0.27871994078159334,0.2906682186608663,77.74473198051946
5912,76.07142857142853,8.0,-0.0013451430946588515,114.00956573486329,0.2716664046049118,0.29063915329229284,77.77046055194802
5922,112.31999999999994,11.1,-0.0006215884350240231,79.4509994506836,0.2822137951850891,0.2906100908301109,77.81081120129866
5934,85.50833333333328,8.5,-0.001545887440443039,84.1634620666504,0.30235565900802613,0.29058103127402996,78.213094534632
5948,77.99285714285709,8.071428571428571,-0.0009329471737146378,104.7356185913086,0.27758024334907533,0.29055197462375926,78.12967786796534
5960,78.81666666666663,8.166666666666666,-0.001928485929965973,92.24504928588867,0.29653358459472656,0.29052292087900833,78.24743977272723
5972,88.27499999999992,8.833333333333334,-0.0025496350601315497,93.52710037231445,0.2665015131235123,0.2904938700394866,78.3872987470862
5984,82.99999999999997,8.416666666666666,-0.0031236745417118073,82.23659057617188,0.288041415810585,0.2904648221049036,78.54232147435893
5996,84.99166666666657,8.416666666666666,-0.0018592122942209244,85.30651931762695,0.2851951092481613,0.2904357770749688,78.78682147435893
6009,83.86153846153842,8.615384615384615,-0.0018007714301347733,93.62315063476562,0.27550066709518434,0.2904067349493918,78.97073814102559
6019,93.80999999999996,9.3,-0.0013471845537424087,71.30013885498047,0.28570207953453064,0.29037769572788213,79.13326261655007
6032,76.23076923076918,7.769230769230769,-0.0032546121627092363,94.66481704711914,0.2773978769779205,0.2903486594101494,79.20506261655008
6044,91.0916666666666,9.083333333333334,0.0025001246947795154,82.27662963867188,0.28271704614162446,0.29031962599590333,79.27082485431234
6055,95.93636363636352,9.636363636363637,-0.0013604771345853805,92.16398696899414,0.2562514364719391,0.2902905954848535,79.439241520979
6071,74.56874999999995,8.0625,-0.0013172812759876251,124.50706329345704,0.2648784250020981,0.2902615678767096,79.62450515734263
6084,82.81538461538459,8.923076923076923,0.000641693826764822,115.55867919921874,0.2826307713985443,0.29023254317118136,79.60457727272725
6095,99.41818181818175,9.818181818181818,-0.0006740693002939224,95.86976623535156,0.249598690867424,0.2902035213679786,79.83665419580417
6108,86.33076923076918,8.692307692307692,-0.0019314557313919068,103.09003829956055,0.26986482441425325,0.29017450246681104,80.0671087412587
6118,97.36999999999992,9.4,-0.0015269685536623001,83.28397521972656,0.2279352769255638,0.2901454864673885,80.0448164335664
6130,87.36666666666662,8.666666666666666,-0.003178239054977894,84.723291015625,0.2621051788330078,0.29011647336942087,80.38294500499498
6141,92.78181818181812,9.181818181818182,-0.0017917113378643989,78.17041702270508,0.2349485605955124,0.2900874631726179,80.6210283383283
6151,115.33999999999989,11.2,-0.0012268994003534317,80.16741333007812,0.2542655259370804,0.29005845587668966,80.7394465201465
6163,91.25833333333328,8.916666666666666,-0.0025836193934082987,92.62780990600587,0.25961602926254274,0.2900294514813459,81.20523113553112
6175,102.18333333333322,10.083333333333334,-0.0005744409747421742,93.51999969482422,0.2538991987705231,0.2900004499862967,81.43673754578752
6185,116.18999999999987,11.3,0.00013441108167171477,84.47025909423829,0.24229756146669387,0.28997145139125197,81.66449945054941
6196,111.51818181818172,10.818181818181818,-0.0004069844260811806,84.83901977539062,0.234569451212883,0.28994245569592175,82.2261137362637
6208,85.14999999999996,8.5,-0.0014500057324767113,106.28921127319336,0.26254100203514097,0.28991346290001613,82.81558126873122
6221,84.69999999999996,8.615384615384615,-0.002126886509358883,116.87854919433593,0.25066201239824293,0.28988447300324516,82.94441460206455
6231,105.84999999999988,10.2,0.0022740738932043314,81.09089431762695,0.28112058341503143,0.28985548600531885,83.10691460206458
6242,102.41818181818175,10.363636363636363,-0.0019481172785162926,92.97950134277343,0.2318242147564888,0.28982650190594744,83.46316460206455
6252,99.23999999999992,9.7,-0.0010439258068799973,85.58639984130859,0.263916152715683,0.28979752070484105,83.9291321345321
6264,91.95833333333327,9.25,-0.0004142703488469124,94.42829055786133,0.25243654251098635,0.2897685424017099,84.07744122544118
6275,101.41818181818176,10.0,-0.0018267735838890075,92.71511917114258,0.275175079703331,0.28973956699626413,84.20493364968361
6287,100.21666666666658,10.166666666666666,-0.0035493461415171622,107.14565582275391,0.2733993619680405,0.28971059448821407,84.44647910422906
6298,93.39999999999995,9.363636363636363,-0.0028517406433820726,91.56576232910156,0.2660587877035141,0.28968162487726995,84.73897910422906
6309,87.61818181818178,8.727272727272727,-0.0018958713859319686,93.56818161010742,0.28290640711784365,0.28965265816314206,85.06855053280049
6321,91.44999999999995,9.083333333333334,-0.002233194513246417,94.22902755737304,0.25221400409936906,0.28962369434554075,85.29719388944382
6333,96.1416666666666,9.666666666666666,-0.0018047563731670379,101.52046737670898,0.2657779842615128,0.2895947334241764,85.47544388944384
6343,111.12999999999992,10.8,-0.0007170253433287143,78.77187957763672,0.25747590363025663,0.2895657753987594,85.72362978687971
6354,118.10909090909081,11.545454545454545,-0.0012541262432932854,107.60830078125,0.2580536901950836,0.28953682026900013,85.96272978687972
6365,111.11818181818172,11.181818181818182,-0.00028682053089141847,107.88564071655273,0.24564528912305833,0.2895078680346091,86.19522069597062
6376,92.42727272727265,9.363636363636363,0.00043183714151382444,108.4760528564453,0.2542154088616371,0.2894789186952967,86.64078712953705
6387,92.6727272727272,9.363636363636363,-0.002360351663082838,111.97395248413086,0.24811890721321106,0.2894499722507735,86.69239319014311
6398,111.34545454545447,11.0,-0.00018409080803394318,85.53881607055663,0.25366562604904175,0.2894210287007501,86.937505078255
6413,76.03333333333329,7.933333333333334,-0.0008908238261938096,131.8491195678711,0.2643507897853851,0.28939208804493693,87.19679295704289
6424,110.93636363636352,11.090909090909092,-0.000715617835521698,107.37828903198242,0.24544027000665664,0.2893631502830446,87.3767416749916
6435,105.21818181818172,10.454545454545455,-0.0029270991683006285,95.68153076171875,0.2542426630854607,0.2893342154147838,87.82387454212447
6448,70.39230769230765,7.230769230769231,-0.003381378762423992,116.84466400146485,0.2525091513991356,0.2893052834398652,88.17080636030629
6460,91.27499999999996,9.25,-0.0029782943427562715,97.59416122436524,0.24405365735292434,0.2892763543579994,88.19211405261397
6472,79.5083333333333,7.916666666666667,-0.0006679462268948555,83.31222229003906,0.23472032845020294,0.2892474281688972,88.13077314352306
6484,90.06666666666659,9.166666666666666,-0.0019437151029706,108.81761169433594,0.24568962305784225,0.28921850487226924,88.1773564768564
6495,104.6727272727272,10.363636363636363,-0.0005313117057085037,77.88574295043945,0.25059977918863297,0.28918958446782633,88.15982314352306
6506,103.12727272727265,10.090909090909092,-0.0011051855981349945,87.26314315795898,0.24825747907161713,0.28916066695527926,88.53155041625034
6519,94.93076923076916,9.538461538461538,0.0009563323110342026,101.2818473815918,0.23697328120470046,0.2891317523343389,88.77702314352305
6529,125.5699999999999,12.2,-0.0025678778067231177,93.25496826171874,0.2304165318608284,0.289102840604716,88.87605810855803
6541,90.4833333333333,9.083333333333334,4.515014588832855e-05,103.85319366455079,0.24662440419197082,0.28907393176612156,89.46545041625033
6554,79.62307692307688,8.153846153846153,-0.00013308078050613403,112.00285491943359,0.2632452666759491,0.28904502581826647,89.52345041625033
6566,99.91666666666659,9.916666666666666,-0.00030331183224916456,98.89404678344727,0.23792243003845215,0.2890161227608616,89.29848118548111
6580,79.87857142857139,8.285714285714286,-0.0016822151839733124,118.64511184692383,0.24916425347328186,0.2889872225936179,89.55146603396594
6591,99.20909090909085,9.818181818181818,-0.0018305733799934387,99.57195587158203,0.22979050725698472,0.28895832531624654,89.45735174825165
6604,89.92307692307688,9.0,-0.001754994224756956,93.69828643798829,0.24192761182785033,0.28892943092845835,89.51798811188803
6618,80.37142857142854,8.285714285714286,-0.00218299962580204,111.70839614868164,0.24214810132980347,0.2889005394299645,89.56555221445213
6631,92.05384615384608,9.23076923076923,0.0001570567488670349,96.35277862548828,0.22333873957395553,0.28887165082047606,89.46544831834822
6643,103.7666666666666,10.333333333333334,-0.0015116095542907714,110.87747573852539,0.23136231452226638,0.28884276509970414,89.59498677988668
6653,121.95999999999985,11.9,-0.0006878683343529701,89.23990859985352,0.22562613487243652,0.2888138822673598,89.84734575424565
6665,86.1916666666666,8.75,-0.0012313690967857838,94.58004531860351,0.26115786731243135,0.2887850023231544,90.422529087579
6676,95.2454545454545,9.727272727272727,-0.002087734639644623,85.19117279052735,0.2415918827056885,0.28875612526679895,90.63675344655334
6688,110.41666666666656,11.0,-6.736665964126586e-05,109.70662384033203,0.234177166223526,0.2887272510980048,90.93920799200788
6700,121.7583333333332,11.916666666666666,0.00037976959720253944,103.85633087158203,0.25210529416799543,0.2886983798164831,91.16328374958368
6711,101.190909090909,9.818181818181818,-0.001016595494002104,107.8996681213379,0.23851464837789535,0.28866951142194525,91.68650994005986
6726,85.8266666666666,8.866666666666667,-0.0013960384763777255,142.0465530395508,0.24502447694540025,0.2886406459141025,91.92008569763559
6737,111.95454545454537,11.0,-0.0011925934813916683,97.85693740844727,0.23816802799701692,0.28861178329266624,91.96296774891763
6751,89.73571428571422,9.357142857142858,-0.0025106728076934814,122.11224060058593,0.22617386430501937,0.28858292355734777,92.16896774891768
6762,122.40909090909078,12.181818181818182,-0.0007403150200843811,98.64334640502929,0.22007098495960237,0.28855406670785855,92.0250248917748
6774,95.8916666666666,9.583333333333334,-0.0008716365322470665,113.15954055786133,0.23463096767663955,0.28852521274391,92.33896195471186
6787,99.56153846153838,10.0,-0.00176449753344059,121.55064239501954,0.2424023851752281,0.2884963616652136,92.57779528804518
6798,104.4727272727272,10.363636363636363,-0.000864278944209218,114.78142471313477,0.2468775674700737,0.2884675134714808,92.77066067266058
6809,114.89090909090895,11.636363636363637,-0.000325620174407959,125.1499626159668,0.24429403245449066,0.28843866816242314,93.20157544538785
6825,74.87499999999994,8.0,-0.001093725860118866,151.44138793945314,0.2587288498878479,0.28840982573775215,93.66748453629693
6838,87.75384615384611,9.307692307692308,-0.0008759081363677978,130.90379638671874,0.25443328022956846,0.28838098619717945,93.53198453629693
6849,111.29090909090904,11.181818181818182,-0.0011851765215396882,109.95082015991211,0.23904051631689072,0.2883521495404166,93.3952229978354
6862,99.07692307692301,10.0,-0.001546371728181839,120.45690307617187,0.2333182543516159,0.28832331576717524,93.78574747335989
6873,107.43636363636355,10.545454545454545,-0.0025936813093721867,110.98347320556641,0.22695159912109375,0.2882944848771671,93.94069852231095
6883,105.19999999999993,10.3,-0.0009858638048171997,91.3013298034668,0.2399790421128273,0.28826565687010375,94.22989549200793
6893,110.31999999999991,10.7,-0.0029064509551972153,88.98168258666992,0.22883301079273224,0.2882368317456969,94.31879549200794
6904,117.83636363636352,11.636363636363637,-0.0007516011595726013,104.81867828369141,0.2415456771850586,0.2882080095036585,94.60507241508485
6914,127.3299999999999,12.6,-0.0003388985991477966,107.46292724609376,0.24325442910194398,0.28817919014370014,94.78613605144848
6925,115.03636363636352,11.454545454545455,-0.0006229940801858902,109.83822402954101,0.2225403755903244,0.2881503736655337,94.9911360514485
6936,107.5999999999999,10.454545454545455,-0.0010199747979640962,104.86566390991212,0.20959851145744324,0.28812156006887096,95.33958302114549
6947,113.48181818181811,11.363636363636363,0.0003476418554782867,112.69526290893555,0.21894577592611314,0.2880927493534239,95.5838330211455
6957,122.15999999999988,11.9,-0.001271153148263693,100.99211273193359,0.23677020967006684,0.28806394151890424,95.85310574841822
6967,118.14999999999995,11.5,-0.002839704602956772,93.309716796875,0.23567208647727966,0.2880351365650241,96.29963431984677
6979,90.58333333333326,9.166666666666666,-0.0008604276925325393,109.25254135131836,0.21396822333335877,0.28800633449149526,96.72005739676985
6990,106.990909090909,10.545454545454545,-0.0028372268192470075,91.54118576049805,0.22580377459526063,0.2879775352980298,96.7054907301032
7004,90.63571428571424,9.428571428571429,-0.0011044792830944062,135.7157211303711,0.23216534852981568,0.28794873898433965,97.03075696386942
7015,110.54545454545442,10.818181818181818,0.000467534177005291,110.22069244384765,0.22852845042943953,0.28791994555013695,97.09636410672658
7026,109.2818181818181,10.818181818181818,-0.0010763861238956452,101.20675888061524,0.2535278156399727,0.2878911549951337,97.52897249833495
7038,98.91666666666657,9.833333333333334,-0.001513068750500679,111.62732849121093,0.22079083025455476,0.28786236731904197,97.89671925158171
7049,105.88181818181812,10.454545454545455,-0.0004058161750435829,96.33604888916015,0.22646521925926208,0.28783358252157387,98.12315864552109
7064,87.95333333333323,9.0,-0.0020174846053123475,130.37030334472655,0.24470402300357819,0.2878048006024417,98.03070410006654
7076,101.41666666666659,10.5,-0.0015485286712646484,114.82156219482422,0.2387547716498375,0.28777602156135745,97.88653743339988
7088,90.3916666666666,9.0,0.00018404759466648102,106.18147735595703,0.2507189750671387,0.2877472453980335,98.09627552863796
7100,98.76666666666661,10.0,-0.0018489871174097062,108.29082489013672,0.23350671529769898,0.28771847211218193,98.23947790959035
7112,99.73333333333323,9.833333333333334,-0.0008212707936763764,97.81539459228516,0.21821908801794052,0.28768970170351515,98.10394457625702
7126,87.97142857142852,9.0,-0.0009305544197559356,121.34142761230468,0.24363597631454467,0.2876609341717453,98.24619457625703
7136,116.1499999999999,11.5,-0.0004196416586637497,82.60126724243165,0.219351164996624,0.2876321695165849,98.34598029054274
7146,111.7099999999999,10.9,-0.0016592519357800483,91.90654754638672,0.2429530993103981,0.2876034077377462,98.71931362387608
7156,107.5299999999999,10.3,-0.0007163308560848236,77.98695602416993,0.22669280916452408,0.2875746488349415,98.95366362387607
7167,98.94545454545447,9.909090909090908,-0.0017264489084482192,99.85452194213867,0.2119559794664383,0.28754589280788334,99.19896362387608
7179,97.8166666666666,10.083333333333334,-0.003549444675445557,113.24260025024414,0.23945300430059432,0.28751713965628406,99.33850150266395
7190,99.59090909090901,9.818181818181818,-0.0010849101468920707,94.25425415039062,0.23586038798093795,0.2874883893798562,99.47805278471522
7201,102.47272727272721,10.454545454545455,-0.001627623476088047,108.7304557800293,0.24907664805650712,0.28745964197831225,99.53586187562429
7214,92.06923076923069,9.23076923076923,-0.001714598946273327,106.09544372558594,0.24223609119653702,0.28743089745136474,99.79828145604387
7228,93.25714285714277,9.642857142857142,-0.003851502574980259,117.0721221923828,0.20925978422164918,0.2874021557987262,99.80805709706951
7241,93.30769230769224,9.384615384615385,-0.0019311672076582909,119.72812271118164,0.22928211241960525,0.28737341702010916,99.7812648892773
7252,93.30909090909086,9.0,0.0002523881383240223,79.50267868041992,0.2190529838204384,0.2873446811152264,99.96865431235419
7262,114.19999999999989,11.3,-0.0009515214711427689,82.31575088500976,0.1986859604716301,0.28731594808379035,100.07359137529127
7274,94.69166666666662,9.5,-0.0008498895913362503,92.00941619873046,0.2389453113079071,0.2872872179255138,100.22140955710945
7285,108.38181818181808,10.909090909090908,-2.0049512386322023e-06,89.84721221923829,0.2262493759393692,0.2872584906401095,100.30501853146845
7296,99.90909090909086,9.909090909090908,-0.0028168439865112306,104.8478401184082,0.23708510845899583,0.2872297662272901,100.41513671328664
7307,110.65454545454537,10.818181818181818,-0.0013717319816350937,95.81655426025391,0.22087584286928177,0.28720104468676827,100.54056095571086
7319,96.49999999999993,9.666666666666666,-0.0025192324072122576,107.55648193359374,0.22094591856002807,0.287172326018257,100.71928822843816
7330,102.52727272727266,10.363636363636363,-0.002746256394311786,102.23118057250977,0.23234715014696122,0.2871436102214689,100.53088822843813
7341,114.87272727272716,11.272727272727273,-0.0020508551970124245,96.22897186279297,0.2193305805325508,0.287114897296117,100.64357762237755
7352,114.74545454545442,11.181818181818182,-0.0021450801752507685,98.9758071899414,0.20193086862564086,0.287086187241914,100.77047156177146
7364,95.97499999999991,9.333333333333334,-0.00017831102013587952,99.21143112182617,0.1993522971868515,0.2870574800585729,100.75602610722602
7377,92.01538461538453,9.307692307692308,-0.001046801172196865,123.73366622924804,0.1937844842672348,0.2870287757458066,100.60059428904418
7388,93.58181818181811,9.272727272727273,-0.0011009946465492249,102.93187637329102,0.21629271358251573,0.287000074303328,100.66924813519805
7399,96.36363636363632,9.545454545454545,-0.0022268232889473437,101.04449157714843,0.2238215908408165,0.28697137573085024,100.75806631701622
7411,105.6499999999999,10.583333333333334,-0.0004565404728055,112.94404678344726,0.20369717329740525,0.2869426800280862,100.66320268065257
7424,99.96923076923069,10.076923076923077,-0.0013851787894964217,110.58687744140624,0.2130654498934746,0.286913987194749,100.69552086247077
7436,108.4999999999999,11.0,-0.0005471114069223404,119.37811889648438,0.20515150725841522,0.2868852972305516,100.70281317016307
7447,117.26363636363622,11.363636363636363,0.0003268926404416561,89.52636184692383,0.19995274543762206,0.28685661013520725,100.86822983682974
7458,108.43636363636351,10.636363636363637,-0.002287299185991287,105.33608474731446,0.1992238461971283,0.286827925908429,101.02668438228427
7468,124.89999999999984,12.3,-0.00032657906413078306,106.18736267089844,0.23525823950767516,0.28679924454992994,101.10888135198124
7480,109.53333333333323,10.916666666666666,-0.0025529896840453146,121.94991607666016,0.21947790682315826,0.28677056605942336,101.42388135198124
7491,112.74545454545441,11.0,-0.0004202943295240402,100.5591667175293,0.20932971239089965,0.2867418904366225,101.64303286713273
7504,102.13846153846144,10.538461538461538,-0.000325433537364006,141.18126373291017,0.20475881695747375,0.2867132176812405,101.85598741258727
7518,101.47142857142846,10.428571428571429,0.0001695539802312851,150.1547637939453,0.21666911244392395,0.28668454779299063,101.91595536130522
7531,106.28461538461526,10.76923076923077,-0.002671283856034279,126.97545852661133,0.21132849752902985,0.2866558807715863,101.81936964701953
7543,112.01666666666654,11.166666666666666,-0.0009963484480977058,130.52561798095704,0.192480631172657,0.2866272166167408,101.70112489177477
7557,93.4999999999999,9.642857142857142,2.1469593048095702e-05,135.6299789428711,0.2130795657634735,0.2865985553281674,101.71010974025961
7570,97.18461538461528,9.615384615384615,-0.0027740448713302612,110.253857421875,0.20480743646621705,0.28656989690557966,101.7208370129869
7583,98.30769230769224,9.76923076923077,-0.000837470218539238,124.66348342895508,0.17515532225370406,0.2865412413486908,101.76595589410577
7595,89.92499999999994,9.083333333333334,-0.0006573617458343506,101.33221740722657,0.18172002881765364,0.2865125886572144,101.63557827172814
7607,98.44999999999992,9.833333333333334,-0.000890292227268219,99.18245086669921,0.205833275616169,0.28648393883086387,101.7744949383948
7619,114.82499999999992,11.5,-0.0002381676807999611,120.79989700317383,0.2068403258919716,0.2864552918693527,101.64963130203118
7629,123.10999999999987,12.1,-0.0005915380083024502,118.69299926757813,0.20526701658964158,0.28642664777239446,101.74569948384935
7639,116.0099999999999,11.3,-0.000101403146982193,101.94062652587891,0.21119243353605271,0.28639800653970277,102.27287640692629
7652,98.40769230769222,9.76923076923077,-0.001395808532834053,117.16580123901367,0.20499285608530043,0.28636936817099107,102.52022640692628
7664,108.30833333333322,10.833333333333334,-0.0009539231657981872,126.06738891601563,0.1925603225827217,0.2863407326659731,102.70921999666987
7676,109.25833333333321,10.833333333333334,-0.0014013230800628662,114.50439682006837,0.18617369532585143,0.2863121000243624,102.89163666333653
7690,89.64285714285707,9.0,-0.001440146565437317,107.16667709350585,0.20182400941848755,0.2862834702458728,102.9374927239426
7700,112.6399999999999,11.0,-0.0008230346255004406,94.0897216796875,0.19195018112659454,0.28625484333021783,102.80264856809845
7711,112.03636363636355,11.0,-0.00020167641341686248,111.6010757446289,0.19873547106981276,0.28622621927711134,102.97974087579074
7723,111.23333333333323,11.166666666666666,-0.00023308657109737395,126.69924545288086,0.19212753921747208,0.286197598086267,102.8444045121544
7734,107.1545454545454,10.545454545454545,-0.0033194780349731444,121.2169059753418,0.2066707894206047,0.2861689797573987,103.0519045121544
7745,116.3181818181817,11.363636363636363,-0.0011367087252438068,108.19878311157227,0.19841725528240203,0.28614036429022016,103.32721919746908
7758,90.8923076923076,9.461538461538462,-0.0027593624778091907,137.21112518310548,0.18448386192321778,0.28611175168444525,103.49123434898422
7768,136.95999999999987,13.2,-0.0005091987550258636,105.5543098449707,0.20467302352190017,0.2860831419397879,103.60137171162158
7780,112.39166666666655,11.166666666666666,-0.000623132660984993,138.85122680664062,0.19339009672403334,0.2860545350559619,103.97888080253068
7793,102.37692307692298,10.076923076923077,-0.0015277575701475143,124.93478622436524,0.20103465914726257,0.28602593103268137,104.20356669996657
7805,121.64999999999986,12.0,-0.000723152607679367,124.8438720703125,0.19770846217870713,0.2859973298696601,104.42362164502153
7816,118.31818181818167,11.545454545454545,-0.001328757032752037,106.47783813476562,0.19888842105865479,0.28596873156661207,104.71958318348305
7829,111.77692307692298,11.153846153846153,-0.0005865870043635368,141.42243347167968,0.20170191526412964,0.2859401361232514,104.86509833499821
7840,121.42727272727258,12.0,-0.0007157254964113236,108.87235870361329,0.19839405715465547,0.2859115435392921,104.76326756576745
7852,105.49166666666656,10.583333333333334,-0.0012620287016034126,114.22461318969727,0.18754774183034897,0.2858829538144482,105.11562362637352
7863,110.39090909090898,10.818181818181818,-0.0016987870447337627,111.23195724487304,0.2061637133359909,0.2858543669484339,105.21808574758563
7877,99.52142857142849,10.214285714285714,-0.0034438187256455423,142.44628143310547,0.20057036429643632,0.2858257829409633,105.21782817182805
7890,95.4692307692307,9.76923076923077,0.001086752861738205,139.45504608154297,0.18428086638450622,0.28579720179175044,104.99545912420898
7902,103.75833333333323,10.416666666666666,-0.0005879763513803482,121.53358535766601,0.19786176979541778,0.2857686235005097,104.9382423409922
7913,131.9454545454544,12.818181818181818,-0.0018291126936674118,101.96795501708985,0.20932362824678422,0.28574004806695513,105.1175590076589
7925,105.79166666666657,10.5,-0.00025181397795677186,122.37835083007812,0.20582224577665328,0.28571147549080106,105.31746809856797
7938,112.98461538461525,11.307692307692308,-0.0010543540120124817,130.3285171508789,0.1975628525018692,0.2856829057717617,105.47802762237751
7949,118.65454545454533,12.0,-0.0005826525390148163,126.94786376953125,0.20144176483154297,0.28565433890955144,105.38378286713274
7963,89.81428571428565,9.142857142857142,0.0011598444078117609,140.06050872802734,0.2019508510828018,0.2856257749038846,105.61141165501152
7975,102.48333333333328,10.416666666666666,-0.0014098064042627812,137.4861846923828,0.19192194044589997,0.28559721375447544,105.513939127539
7986,135.18181818181804,13.181818181818182,0.00023383544757962226,113.64108963012696,0.19671711027622224,0.2855686554610385,105.49404518814505
7999,101.16923076923071,10.153846153846153,-0.000999964028596878,134.60979461669922,0.21072680205106736,0.28554010002328806,105.69695427905417
8010,120.40909090909078,12.0,-0.0025608152151107787,118.20473098754883,0.18406224995851517,0.28551154744093865,105.95989658674647
8022,98.47499999999992,10.0,0.0005789306946098804,135.7578903198242,0.2048378586769104,0.28548299771370467,106.28644903429891
8034,111.59166666666653,10.916666666666666,-0.0016525092534720898,121.89983825683593,0.19081273972988128,0.2854544508413007,106.1582899433898
8045,118.82727272727257,11.454545454545455,-0.00121146310120821,102.58877792358399,0.18559823781251908,0.2854259068234413,106.28343737928726
8057,106.08333333333326,10.666666666666666,-6.795730441808701e-05,123.15256576538086,0.19362623989582062,0.2853973656598409,106.39734647019637
8067,119.53999999999989,11.9,-0.0007859934121370316,107.20041275024414,0.18049731850624084,0.2853688273502142,106.40617980352968
8079,113.4249999999999,11.25,-0.0003581790253520012,108.06483688354493,0.17956006824970244,0.28534029189427573,106.4983798035297
8091,109.54999999999991,10.833333333333334,-0.0007707089185714722,113.16451034545898,0.1815004140138626,0.28531175929174024,106.45426616716604
8102,111.75454545454535,11.181818181818182,-0.0015700727701187134,121.65550537109375,0.19530807733535765,0.28528322954232227,106.27646616716603
8112,123.77999999999989,12.2,-0.0004433143883943558,106.97795639038085,0.18656049221754073,0.28525470264573666,106.24364798534785
8122,135.6499999999998,13.1,-0.0007292278110980988,92.843994140625,0.1683616057038307,0.2852261786016981,106.40544798534785
8133,117.84545454545444,11.636363636363637,-0.0006784044206142425,121.13277206420898,0.17852602154016495,0.28519765740992126,106.62712980352968
8145,104.62499999999993,10.5,-0.00044577345252037046,116.74079971313476,0.19044672548770905,0.285169139070121,106.58398434898423
8158,92.39230769230764,9.307692307692308,-0.0021178293973207474,117.03339309692383,0.18359254896640778,0.28514062358201214,106.44873434898423
8171,105.01538461538453,10.538461538461538,-0.00033752135932445525,120.12677230834962,0.178203846514225,0.2851121109453095,106.46682409257399
8181,131.77999999999986,12.7,-0.00033051613718271255,103.34208297729492,0.1832308813929558,0.2850836011597281,106.44706884781874
8192,107.73636363636356,10.818181818181818,-0.0011605147272348403,114.16891403198242,0.17947483509778978,0.2850550942249826,106.8585117049616
8202,131.81999999999982,13.1,-0.00040736757218837736,103.1345329284668,0.18127421885728837,0.28502659014078807,106.83042079587071
8214,102.08333333333326,10.083333333333334,-0.00010362556204199791,118.54631652832032,0.1766416147351265,0.28499808890685946,107.05580261405254
8226,101.31666666666656,9.916666666666666,-0.0016366581432521344,97.4839584350586,0.16660284996032715,0.28496959052291165,107.08746928071922
8237,106.17272727272722,10.545454545454545,-0.002398104965686798,107.87370681762695,0.19774748980998993,0.2849410949886599,107.04181776556769
8249,105.50833333333325,10.416666666666666,-0.0005295483395457267,114.71101226806641,0.18255448788404466,0.284912602303819,107.22401170496165
8261,110.25833333333321,10.916666666666666,-0.002030049730092287,107.09104461669922,0.1881190538406372,0.28488411246810413,107.26492837162832
8273,103.14999999999993,10.666666666666666,-0.001518375799059868,151.0715591430664,0.18505994230508804,0.2848556254812304,107.46359503829498
8285,112.5999999999999,11.166666666666666,-0.0008852353319525718,126.52924499511718,0.18240953981876373,0.2848271413429129,107.50742837162832
8299,98.39285714285703,9.928571428571429,-0.00045435763895511626,133.50050048828126,0.17436100095510482,0.28479866005286686,107.63609503829498
8312,95.76923076923069,9.615384615384615,-0.0009279606863856315,128.55510711669922,0.17756831794977188,0.2847701816108074,107.74030932400927
8322,132.09999999999985,12.8,0.001945442333817482,99.64852752685547,0.16908772736787797,0.28474170601644977,107.53650163170158
8334,110.84999999999985,11.083333333333334,-0.0012276011519134044,125.19720153808593,0.18180623054504394,0.2847132332695092,107.74040163170157
8344,114.4099999999999,11.1,-0.0019544140668585896,94.23467636108398,0.15862185955047609,0.28468476336970094,107.77360163170158
8355,123.57272727272712,12.181818181818182,-0.0013406049460172654,112.8253387451172,0.19158715158700942,0.2846562963167404,107.92824708624704
8366,103.62727272727265,10.272727272727273,-0.0002121889963746071,109.90695037841797,0.20181394517421722,0.2846278321103427,108.18580769230765
8377,110.7090909090908,10.909090909090908,-0.0014418385922908782,102.99943771362305,0.1749634712934494,0.28459937075022346,108.2261713286713
8388,112.13636363636351,10.818181818181818,-0.0036291697062551974,104.51252670288086,0.18037884086370468,0.2845709122360978,108.30853496503494
8399,117.69999999999987,11.727272727272727,-0.0016125284135341644,109.63901901245117,0.20140924602746962,0.28454245656768135,108.50920629370627
8409,145.3399999999998,14.0,0.0003463802859187126,99.6974983215332,0.17584494948387147,0.28451400374468944,108.75363486513484
8424,83.15999999999995,8.666666666666666,-0.0001967199146747589,148.05190734863282,0.18658422231674193,0.2844855537668376,109.27395794205792
8435,122.64545454545446,12.181818181818182,-0.0020185427740216253,114.51940231323242,0.1888890817761421,0.2844571066338412,109.17246703296699
8446,119.47272727272713,11.545454545454545,-0.00096525764092803,106.74780731201172,0.16298343986272812,0.28442866234541603,109.25692157842155
8456,132.5299999999999,12.8,-0.0011670502368360757,105.12835311889648,0.19244386702775956,0.28440022090127737,109.50473218448215
8468,112.44166666666655,11.333333333333334,-0.0015175677835941315,141.15280303955078,0.18375416547060014,0.2843717823011409,109.74621400266396
8480,109.04166666666659,11.0,-0.0013583708554506303,124.91226959228516,0.18801178336143493,0.2843433465447223,109.8715397602397
8492,113.08333333333324,11.166666666666666,-0.001943382853642106,110.99536437988282,0.19688099175691604,0.2843149136317372,109.8554109723609
8502,127.34999999999987,12.3,-9.871125221252441e-05,117.73476333618164,0.17935164719820024,0.2842864835619012,110.02124430569425
8514,105.30833333333327,10.583333333333334,-0.00015943199396133422,125.79451065063476,0.183443683385849,0.28425805633493006,110.2694715784215
8525,103.3272727272726,10.0,-0.0009416625835001469,109.37835464477538,0.184627403318882,0.28422963195053946,110.17382763902756
8535,122.87999999999988,11.8,-0.0007838244549930095,99.29316635131836,0.187583988904953,0.2842012104084452,110.05964582084574
8548,101.54615384615376,10.153846153846153,-0.0005842311307787895,115.6143310546875,0.1742960512638092,0.28417279170836307,110.32869582084575
8559,114.83636363636352,11.181818181818182,-0.0032385576516389845,100.64774093627929,0.17571731507778168,0.2841443758500088,110.42400351315342
8570,116.86363636363626,11.909090909090908,-0.0030065787956118583,114.79252319335937,0.1785413309931755,0.2841159628330983,110.63654896769889
8580,124.61999999999986,12.1,-0.0017878644168376923,100.18088302612304,0.17464172542095185,0.28408755265734753,110.84154896769887
8591,121.0636363636362,11.909090909090908,-0.0009818345308303833,108.12764587402344,0.17631726264953612,0.2840591453224722,111.03124896769887
8603,115.04166666666653,11.583333333333334,-0.003901326283812523,120.57273635864257,0.18628581017255783,0.2840307408281883,111.24219302364293
8615,104.66666666666659,10.416666666666666,-0.0005594424903392792,117.52202835083008,0.1801223948597908,0.28400233917421186,111.30760969030958
8626,117.24545454545446,11.454545454545455,-0.0011221585795283318,110.52989273071289,0.19734138399362564,0.2839739403602588,111.18163999333987
8637,120.56363636363626,11.909090909090908,-0.000544043630361557,118.26693115234374,0.17915462106466293,0.28394554438604513,111.26973090243078
8647,139.39999999999984,13.4,-0.0001407325267791748,100.3697006225586,0.18165334314107895,0.2839171512512869,111.22636726606714
8658,110.73636363636355,10.818181818181818,-0.0009809283539652825,105.2248031616211,0.17635615766048432,0.28388876095570026,111.5250339327338
8668,112.41999999999987,10.9,-0.0031752500683069227,102.61429977416992,0.19529214054346083,0.2838603734990012,111.5049430236429
8681,104.93846153846142,10.384615384615385,-0.0023063402622938156,138.7426742553711,0.18786700665950776,0.28383198888090583,111.60775840825826
8693,108.05833333333322,10.916666666666666,-0.0030889486894011497,123.1126319885254,0.17462339401245117,0.2838036071011304,111.6424287379286
8703,129.57999999999984,12.6,-0.0006051536649465561,105.67774810791016,0.17740400433540343,0.283775228159391,111.66016591741577
8714,120.28181818181805,11.818181818181818,-0.0007795115932822227,121.62228469848633,0.17636653482913972,0.2837468520554039,111.83579925074909
8728,105.20714285714276,10.571428571428571,-0.0001963745802640915,141.89071197509764,0.18640339970588685,0.28371847878888534,112.10361743256728
8742,89.86428571428564,9.071428571428571,-0.0006497305817902088,137.40597381591797,0.1862318053841591,0.28369010835955155,112.18384270729257
8755,105.62307692307685,10.692307692307692,-0.0005866967141628266,126.41956405639648,0.19036148935556413,0.28366174076711886,112.0994086413585
8770,93.63999999999993,9.666666666666666,-0.0015300497412681579,153.62239532470704,0.1818493127822876,0.28363337601130356,112.25638941058925
8782,111.13333333333321,11.0,-0.0012958975508809089,129.10517425537108,0.16747856736183167,0.2836050140918221,112.20828941058924
8794,105.79166666666661,10.666666666666666,-0.0034524303395301104,119.56512985229492,0.19065165668725967,0.2835766550083907,112.1713727439226
8808,93.85714285714278,9.428571428571429,-0.0006158513948321343,125.7661231994629,0.18360024988651275,0.28354829876072585,111.99818941058926
8823,92.6399999999999,9.333333333333334,-0.0005205497145652771,125.66363220214843,0.1702664852142334,0.283519945348544,111.77666083916067
8836,103.60769230769218,10.384615384615385,-0.001930558495223522,134.92245788574218,0.18403512686491014,0.28349159477156166,111.71898391608374
8848,110.73333333333322,11.166666666666666,-0.0006154902279376983,134.44500885009765,0.1665380507707596,0.2834632470294952,111.67197750582734
8859,128.8181818181817,12.727272727272727,-0.0004038211889564991,129.16318359375,0.17991570383310318,0.28343490212206124,111.68672750582735
8872,102.33076923076914,10.538461538461538,-0.0037578998133540155,131.0769836425781,0.18065028339624406,0.2834065600489763,112.0784807525806
8886,100.99285714285706,10.071428571428571,0.000887073203921318,142.18589477539064,0.17628015875816344,0.283378220809957,111.97538844488831
8897,121.57272727272712,11.818181818181818,0.0008729171007871628,107.97118759155273,0.17527997195720674,0.28334988440471987,111.86495337995326
8908,122.20909090909078,12.181818181818182,-0.0006580840796232224,117.959326171875,0.1773566409945488,0.2833215508329816,111.96834731934719
8920,116.94166666666656,11.833333333333334,-0.0014891425147652627,122.47690124511719,0.18759511560201644,0.28329322009445884,112.11889277389264
8934,90.68571428571423,9.285714285714286,0.001184569299221039,141.1496826171875,0.1879841148853302,0.2832648921888683,112.12512762237749
8946,112.69999999999987,11.25,-0.0012331966776400805,123.4723388671875,0.1737547606229782,0.28323656711592665,112.12306168831155
8960,91.55714285714275,9.285714285714286,-0.0017574969679117203,155.63837127685548,0.17798997312784196,0.2832082448753507,111.88046168831157
8971,119.75454545454535,11.727272727272727,-0.0011310922913253308,112.26017456054687,0.16566525101661683,0.28317992546685716,111.67211645021632
8982,126.56363636363625,12.272727272727273,-0.0017759326845407486,111.1029655456543,0.17399877309799194,0.2831516088901629,111.84589267399255
8993,131.0454545454544,12.909090909090908,-0.00033943988382816314,131.1917510986328,0.17188468724489211,0.28312329514498474,111.89502903762892
9004,130.0545454545453,12.909090909090908,-0.001170869916677475,133.51171417236327,0.1663137659430504,0.28309498423103957,112.02230176490163
9015,120.16363636363626,11.818181818181818,-0.0009165953844785691,120.65138092041016,0.17861773818731308,0.2830666761480442,112.20507798867784
9027,125.14999999999985,12.416666666666666,2.470891922712326e-05,138.0525344848633,0.17741828709840773,0.2830383708957156,112.19244162504148
9041,93.46428571428564,9.5,-0.0004169020801782608,138.55577239990234,0.16774031072854995,0.2830100684737707,112.38902495837485
9052,119.58181818181806,11.818181818181818,-0.0007669541984796524,113.76231231689454,0.18598368614912034,0.2829817688819265,112.21975872460862
9065,118.6923076923076,12.076923076923077,-0.001487148250453174,154.74939575195313,0.15807643681764602,0.28295347211989996,112.42036262071251
9076,129.62727272727258,12.818181818181818,-0.0006622776389122009,135.25234832763672,0.1808718577027321,0.2829251781874082,112.65259338994329
9087,129.99090909090896,12.909090909090908,-0.0005269728600978852,127.92072372436523,0.17366370409727097,0.2828968870841682,112.91128278388265
9098,122.25454545454531,11.909090909090908,-0.0014841660857200622,121.04193572998047,0.1743081584572792,0.28286859880989706,112.89173732933722
9113,96.1999999999999,9.8,-0.002082803472876549,145.23121185302733,0.15440674871206284,0.2828403133643119,113.056366117216
9123,141.35999999999984,13.5,-0.0012120582163333894,101.41615600585938,0.17540761828422546,0.2828120307471299,112.88851996336987
9135,114.24999999999989,11.25,-0.0007510941475629806,124.85905685424805,0.16358967274427413,0.28278375095806824,113.11557450882441
9146,118.2363636363635,12.0,-0.0019941344857215882,130.1662826538086,0.171895894408226,0.28275547399684403,113.35993165168156
9157,134.69090909090895,13.181818181818182,0.0005637075752019882,115.88123321533203,0.15887103974819183,0.28272719986317457,113.51746195471189
9167,143.92999999999978,13.8,-0.0007819004356861114,106.86671676635743,0.16896245777606964,0.28269892855677714,113.5125528638028
9181,94.3999999999999,9.571428571428571,0.0011324299499392509,143.63068084716798,0.17673238962888718,0.282670660077369,113.94016055611047
9193,125.52499999999985,12.333333333333334,-0.0026624785736203195,134.18103790283203,0.168986676633358,0.2826423944246675,113.68006964701958
9205,105.69999999999989,10.333333333333334,-9.559504687786102e-05,116.161474609375,0.16585872173309327,0.28261413159838983,113.95056964701958
9217,103.53333333333326,10.416666666666666,-0.0009730499237775803,126.28989944458007,0.1665278598666191,0.2825858715982536,113.89165298035292
9229,108.84166666666654,10.916666666666666,-0.0033008998259902,114.18923416137696,0.15564377456903458,0.28255761442397603,113.73871358641351
9242,98.25384615384607,10.0,-0.0013608060777187347,133.819287109375,0.1654786393046379,0.2825293600752746,113.76629691974684
9255,106.56153846153839,10.692307692307692,-0.0007623409852385521,130.5212615966797,0.1696515992283821,0.2825011085518668,113.55343538128531
9265,122.87999999999988,12.1,-0.0007412038743495941,100.78232498168946,0.16622831523418427,0.28247285985347004,113.48480076590069
9277,114.50833333333321,11.25,-0.0016913408413529395,116.1046745300293,0.15534146279096603,0.282444613979802,113.61810076590069
9288,127.1545454545453,12.272727272727273,0.0010962739586830139,112.51472091674805,0.1636031299829483,0.28241637093058,113.64563864468859
9301,95.00769230769221,9.538461538461538,-0.0011082615703344346,148.58319854736328,0.1600523591041565,0.2823881307055217,113.67938409923403
9313,115.20833333333321,11.5,-0.0009821319952607154,130.73761444091798,0.16428493708372116,0.28235989330434474,113.27296102231095
9326,112.73846153846142,11.23076923076923,-9.148158133029938e-05,135.04246215820314,0.15622614920139313,0.2823316587267667,113.24658981018973
9337,131.49090909090896,13.090909090909092,-0.001665765419602394,126.00352249145507,0.17435347586870192,0.28230342697250527,113.32772442557436
9351,93.9857142857142,9.428571428571429,-0.0009483952075242996,133.1836929321289,0.16844439059495925,0.2822751980412781,113.71871043956038
9363,105.18333333333327,10.416666666666666,-0.0015551261603832245,128.09176483154297,0.15100049078464509,0.2822469719328029,113.60841373626367
9373,132.3999999999998,13.1,-0.0028206359595060347,124.84748229980468,0.18111219704151155,0.28221874864679747,113.34244706959699
9384,125.79999999999987,12.363636363636363,-0.00359664261341095,115.02819213867187,0.17688025385141373,0.28219052818297946,113.58908343323336
9394,146.25999999999982,14.1,-0.0001645212061703205,101.5437126159668,0.15992276668548583,0.2821623105410668,113.52888343323333
9407,113.13076923076912,11.307692307692308,-0.0019211091101169586,126.84151077270508,0.17436832636594773,0.28213409572077724,113.97065009990001
9420,96.90769230769222,9.692307692307692,-0.0004824580624699593,124.07042999267578,0.16290809363126754,0.2821058837218286,114.08879112554105
9431,119.44545454545442,11.727272727272727,-0.0023650612682104112,121.8654800415039,0.16402178406715393,0.28207767454393884,113.9961407758907
9442,115.79090909090895,11.090909090909092,-0.0008907527662813663,96.27802276611328,0.15594640821218492,0.28204946818682575,114.1355119880119
9452,122.82999999999988,11.9,-0.0011267254129052162,98.86054000854492,0.18100568205118178,0.28202126465020744,114.19083774558763
9465,104.23076923076913,10.461538461538462,-0.0022662531584501265,118.52266998291016,0.1519136592745781,0.2819930639338017,114.38763774558764
9475,121.00999999999992,11.7,-0.0019587330520153047,103.27175750732422,0.179349684715271,0.2819648660373267,114.30394543789531
9485,141.16999999999982,13.8,-0.0005210422910749912,115.9733512878418,0.17995810359716416,0.2819366709605003,114.53011686646674
9495,116.67999999999991,11.3,-0.001749603170901537,102.40758590698242,0.16447248607873916,0.2819084787030406,114.98412455877444
9505,114.2099999999999,11.2,-0.0009522330015897751,107.40104751586914,0.1705695405602455,0.2818802892646657,114.82992455877445
9515,142.21999999999986,13.8,-0.0003172663040459156,105.03058853149415,0.15973038524389266,0.2818521026450937,114.86352455877444
9528,103.4230769230768,10.384615384615385,-0.003347340878099203,125.28499832153321,0.16897162795066833,0.28182391884404273,115.14162455877444
9541,106.89999999999992,10.923076923076923,-0.0013624269515275956,145.52202758789062,0.18885340988636018,0.28179573786123097,114.94012805527792
9552,120.49090909090897,11.818181818181818,-0.0014068802818655967,113.32250061035157,0.16908641457557677,0.28176755969637657,114.9728553280052
9563,121.26363636363622,11.909090909090908,-0.0005742989480495453,114.00024948120117,0.15912313610315323,0.2817393843491977,115.07067350982335
9575,121.95833333333316,11.75,-0.0007289865985512734,125.64403915405273,0.14773623496294022,0.2817112118194128,115.16194623709607
9588,119.5999999999999,11.923076923076923,-0.0009066913276910782,140.6581787109375,0.1717861458659172,0.28168304210673994,115.20452957042943
9602,104.89285714285707,10.571428571428571,-0.0007717136293649673,157.5922393798828,0.16668227165937424,0.28165487521089755,114.94712957042942
9614,106.34166666666654,10.666666666666666,-0.002874954603612423,136.81674346923828,0.15395240783691405,0.28162671113160387,115.16445814185799
9624,152.2399999999998,14.5,-0.0005926750600337982,115.45980072021484,0.1748127371072769,0.28159854986857735,115.00142026307012
9635,121.95454545454533,12.272727272727273,-0.0017097648233175278,126.90110092163086,0.16721836626529693,0.2815703914215363,115.32909299034286
9648,106.46153846153837,10.76923076923077,-0.001507972553372383,145.47061462402343,0.15941492915153505,0.2815422357901992,115.22333844488828
9661,115.47692307692296,11.538461538461538,-0.00010896939784288406,136.96502838134765,0.1493393823504448,0.28151408297428443,115.16353716283702
9673,124.00833333333321,12.416666666666666,-0.0015723985387012362,140.57010650634766,0.16079901456832885,0.2814859329735105,115.22788972693958
9686,104.03846153846143,10.307692307692308,-0.0006566048134118319,118.02034225463868,0.17767598032951354,0.2814577857875959,115.33713972693958
9700,97.97857142857136,10.071428571428571,-0.0004911147058010102,136.6285140991211,0.14815030694007875,0.28142964141625915,115.1040243423242
9711,121.41818181818172,11.909090909090908,-0.0001839514821767807,111.806298828125,0.16928939521312714,0.2814014998592188,115.03072672327659
9722,116.43636363636352,11.545454545454545,-0.0013701505959033966,109.78797302246093,0.15687889605760574,0.2813733611161935,115.21163581418568
9732,129.30999999999986,12.6,-0.001112198457121849,108.46182708740234,0.15237393081188202,0.2813452251869018,115.14719945054932
9743,122.82727272727261,12.0,-0.001110716536641121,113.87244873046875,0.15197845101356505,0.2813170920710623,115.42483791208778
9755,112.07499999999989,10.916666666666666,0.0008036493323743344,115.05880813598633,0.15413277000188827,0.28128896176839385,115.50474700299688
9770,101.65333333333321,10.266666666666667,-0.00030042193830013273,146.63473510742188,0.16911255419254304,0.2812608342786149,115.45686063936053
9780,128.2999999999999,12.5,-0.0022806519642472266,105.52081298828125,0.15965884029865265,0.28123270960144436,115.22719397269388
9791,116.85454545454535,11.636363636363637,-0.0014752969145774841,111.28554611206054,0.13924776762723923,0.2812045877366009,115.2995576090575
9802,122.59999999999987,12.0,-0.001996855437755585,125.46133956909179,0.1714080348610878,0.2811764686838033,115.3176863969363
9812,143.55999999999983,14.0,0.0009748593904078007,114.02417297363282,0.140484619140625,0.28114835244277037,115.49701973026963
9823,117.29090909090895,11.454545454545455,-0.0008355006575584412,108.12498779296875,0.14891896545886993,0.28112023901322103,115.7601651848151
9836,105.15384615384605,10.461538461538462,-0.0014600289985537529,120.19011306762695,0.16136667877435684,0.2810921283948741,115.72743791208781
9847,128.61818181818165,12.454545454545455,-0.00046160370111465455,116.81238861083985,0.1575593262910843,0.28106402058744834,115.38497637362629
9858,137.99090909090893,13.454545454545455,-0.000243384949862957,126.3615005493164,0.15295288860797882,0.2810359155906629,115.56379455544447
9871,120.06153846153833,12.0,-0.001662570983171463,133.5750701904297,0.15056391358375548,0.28100781340423653,115.81950364635358
9881,142.33999999999978,14.0,-0.0012717229314148427,125.0205909729004,0.14549501687288285,0.28097971402788835,115.97073441558433
9895,102.20714285714277,10.285714285714286,-0.001392601430416107,160.08468627929688,0.16920609027147293,0.2809516174613373,116.31355108225101
9907,103.29166666666659,10.166666666666666,-0.000708295963704586,127.82379989624023,0.1520296409726143,0.28092352370430246,116.03982251082243
9919,121.59166666666654,12.0,-0.00047052791342139244,110.1569694519043,0.15609516352415084,0.2808954327565028,115.86992099567092
9931,119.18333333333321,12.083333333333334,-0.000542058702558279,135.1096389770508,0.14955223798751832,0.2808673446176575,116.03376623376616
9945,101.36428571428563,10.285714285714286,-0.001430543977767229,152.2246551513672,0.16060833334922792,0.28083925928748565,116.32695670995663
9956,119.09999999999987,11.727272727272727,-0.0021605618298053742,111.9925765991211,0.14392562955617905,0.2808111767657064,116.28436879786872
9966,133.25999999999985,12.9,-0.001141246035695076,111.31535949707032,0.15316686779260635,0.2807830970520389,116.5389687978687
9978,123.74999999999989,12.25,-0.0028673635795712473,127.15396041870117,0.14204972833395005,0.2807550201462024,116.76023546453538
9989,127.01818181818166,12.454545454545455,-0.00011890679597854614,112.03657760620118,0.16854264587163925,0.28072694604791604,116.93981879786872
10000,119.15454545454533,11.818181818181818,-0.002028946951031685,123.14773864746094,0.16218682676553725,0.2806988747568992,117.27142918747909
